-- Data: 28/10/2025

INSERT INTO alunos (nome, data_nascimento, telefone, email, data_cadastro) VALUES
('Ana Beatriz Souza', '2001-03-14', '(11) 91234-1001', 'ana.souza01@email.com', '2025-01-10'),
('Bruno Henrique Silva', '1999-07-22', '(21) 98877-1002', 'bruno.silva02@email.com', '2025-01-11'),
('Carla Mendes Oliveira', '2000-12-01', '(31) 97766-1003', 'carla.oliveira03@email.com', '2025-01-12'),
('Daniel Rocha Lima', '1998-05-09', '(41) 97655-1004', 'daniel.lima04@email.com', '2025-01-13'),
('Eduarda Figueiredo Santos', '2002-11-25', '(71) 99888-1005', 'eduarda.santos05@email.com', '2025-01-14'),
('Felipe Martins Costa', '2001-01-30', '(81) 99555-1006', 'felipe.costa06@email.com', '2025-01-15'),
('Gabriela Araujo Pinto', '1997-10-19', '(51) 99122-1007', 'gabriela.pinto07@email.com', '2025-01-16'),
('Henrique Carvalho Nunes', '1999-02-10', '(61) 99233-1008', 'henrique.nunes08@email.com', '2025-01-17'),
('Isabela Rodrigues Moreira', '2000-09-04', '(91) 99444-1009', 'isabela.moreira09@email.com', '2025-01-18'),
('João Pedro Almeida', '2001-04-20', '(71) 99666-1010', 'joao.almeida10@email.com', '2025-01-19'),

('Karen Moura Lima', '2003-08-11', '(11) 98877-1011', 'karen.lima11@email.com', '2025-01-20'),
('Lucas Gabriel Ribeiro', '1998-03-28', '(21) 98765-1012', 'lucas.ribeiro12@email.com', '2025-01-21'),
('Mariana Castro Gomes', '2002-06-07', '(31) 97654-1013', 'mariana.gomes13@email.com', '2025-01-22'),
('Nicolas Barbosa Fernandes', '1999-12-30', '(41) 99887-1014', 'nicolas.fernandes14@email.com', '2025-01-23'),
('Otávio Cardoso Pires', '2001-02-15', '(81) 99544-1015', 'otavio.pires15@email.com', '2025-01-24'),
('Patrícia Moraes Tavares', '1997-09-09', '(91) 99422-1016', 'patricia.tavares16@email.com', '2025-01-25'),
('Rafael Cunha Duarte', '2000-05-02', '(61) 99211-1017', 'rafael.duarte17@email.com', '2025-01-26'),
('Sara Nogueira Lima', '2001-10-11', '(51) 99133-1018', 'sara.lima18@email.com', '2025-01-27'),
('Thiago Melo Rocha', '1999-07-19', '(71) 99622-1019', 'thiago.rocha19@email.com', '2025-01-28'),
('Vitória Correia Campos', '2002-01-08', '(21) 98899-1020', 'vitoria.campos20@email.com', '2025-01-29'),

('Alexandre Freitas Souza', '1998-02-20', '(31) 97788-1021', 'alexandre.souza21@email.com', '2025-01-30'),
('Bruna Costa Azevedo', '2003-05-15', '(11) 99111-1022', 'bruna.azevedo22@email.com', '2025-01-31'),
('Caio Ribeiro Matos', '2000-11-03', '(41) 99566-1023', 'caio.matos23@email.com', '2025-02-01'),
('Débora Ferreira Cardoso', '1999-06-28', '(61) 99777-1024', 'debora.cardoso24@email.com', '2025-02-02'),
('Eduardo Martins Lopes', '2001-12-24', '(81) 99433-1025', 'eduardo.lopes25@email.com', '2025-02-03'),
('Fernanda Ribeiro Souza', '1998-08-14', '(91) 99144-1026', 'fernanda.souza26@email.com', '2025-02-04'),
('Guilherme Andrade Silva', '1997-04-10', '(71) 99855-1027', 'guilherme.silva27@email.com', '2025-02-05'),
('Helena Pires Lima', '2000-09-29', '(21) 99266-1028', 'helena.lima28@email.com', '2025-02-06'),
('Igor Almeida Nascimento', '1999-01-19', '(51) 99177-1029', 'igor.nascimento29@email.com', '2025-02-07'),
('Juliana Moura Fernandes', '2002-07-25', '(31) 99688-1030', 'juliana.fernandes30@email.com', '2025-02-08'),

('Kauã Henrique Dias', '2001-02-11', '(11) 99599-1031', 'kaua.dias31@email.com', '2025-02-09'),
('Larissa Castro Prado', '1998-06-07', '(21) 99800-1032', 'larissa.prado32@email.com', '2025-02-10'),
('Marcelo Nunes Reis', '1999-03-26', '(41) 99122-1033', 'marcelo.reis33@email.com', '2025-02-11'),
('Natália Duarte Ribeiro', '2000-11-15', '(61) 99333-1034', 'natalia.ribeiro34@email.com', '2025-02-12'),
('Otávia Santos Luz', '2003-04-22', '(71) 99644-1035', 'otavia.luz35@email.com', '2025-02-13'),
('Paulo Roberto Almeida', '1998-01-12', '(91) 99755-1036', 'paulo.almeida36@email.com', '2025-02-14'),
('Rafaela Torres Costa', '2001-09-18', '(31) 99466-1037', 'rafaela.costa37@email.com', '2025-02-15'),
('Samuel Nascimento Melo', '1997-10-29', '(81) 99277-1038', 'samuel.melo38@email.com', '2025-02-16'),
('Tatiane Moreira Cunha', '2000-02-04', '(51) 99188-1039', 'tatiane.cunha39@email.com', '2025-02-17'),
('Vinícius Rocha Oliveira', '1999-05-06', '(71) 99599-1040', 'vinicius.oliveira40@email.com', '2025-02-18'),

('Alice Pereira Souza', '2002-03-02', '(11) 99444-1041', 'alice.souza41@email.com', '2025-02-19'),
('Bernardo Costa Silva', '2001-07-14', '(21) 99255-1042', 'bernardo.silva42@email.com', '2025-02-20'),
('Camila Ribeiro Santos', '2003-10-08', '(31) 99166-1043', 'camila.santos43@email.com', '2025-02-21'),
('Diego Henrique Lima', '2000-12-10', '(41) 99377-1044', 'diego.lima44@email.com', '2025-02-22'),
('Evelyn Rocha Matos', '1998-11-03', '(61) 99688-1045', 'evelyn.matos45@email.com', '2025-02-23'),
('Fabiana Melo Duarte', '2002-08-29', '(81) 99999-1046', 'fabiana.duarte46@email.com', '2025-02-24'),
('Gustavo Azevedo Silva', '2001-09-11', '(91) 99211-1047', 'gustavo.silva47@email.com', '2025-02-25'),
('Heloísa Martins Costa', '1999-10-01', '(31) 99322-1048', 'heloisa.costa48@email.com', '2025-02-26'),
('Isac Nunes Gomes', '2000-05-19', '(21) 99433-1049', 'isac.gomes49@email.com', '2025-02-27'),
('Joana Figueiredo Ramos', '1998-04-06', '(71) 99544-1050', 'joana.ramos50@email.com', '2025-02-28'),

('Letícia Almeida Correia', '2002-06-03', '(11) 99655-1051', 'leticia.correia51@email.com', '2025-03-01'),
('Matheus Carvalho Pires', '2001-08-18', '(21) 99766-1052', 'matheus.pires52@email.com', '2025-03-02'),
('Nicole Torres Lima', '2003-01-07', '(31) 99877-1053', 'nicole.lima53@email.com', '2025-03-03'),
('Pedro Henrique Ramos', '1999-03-23', '(41) 99188-1054', 'pedro.ramos54@email.com', '2025-03-04'),
('Renata Barbosa Prado', '2000-09-16', '(61) 99299-1055', 'renata.prado55@email.com', '2025-03-05'),
('Sérgio Almeida Castro', '1998-07-30', '(81) 99400-1056', 'sergio.castro56@email.com', '2025-03-06'),
('Tainá Gomes Ribeiro', '2002-02-19', '(91) 99511-1057', 'taina.ribeiro57@email.com', '2025-03-07'),
('Ulysses Faria Mendes', '1997-12-25', '(31) 99622-1058', 'ulysses.mendes58@email.com', '2025-03-08'),
('Valentina Rocha Souza', '2001-11-09', '(21) 99733-1059', 'valentina.souza59@email.com', '2025-03-09'),
('William Duarte Campos', '1999-05-27', '(71) 99844-1060', 'william.campos60@email.com', '2025-03-10'),

('Yasmin Cardoso Araujo', '2003-06-22', '(11) 99955-1061', 'yasmin.araujo61@email.com', '2025-03-11'),
('Zaqueu Martins Rocha', '1998-10-12', '(21) 99166-1062', 'zaqueu.rocha62@email.com', '2025-03-12'),
('Amanda Ribeiro Melo', '2000-03-09', '(31) 99277-1063', 'amanda.melo63@email.com', '2025-03-13'),
('Breno Costa Duarte', '2001-09-05', '(41) 99388-1064', 'breno.duarte64@email.com', '2025-03-14'),
('Clara Pires Souza', '1999-08-28', '(61) 99499-1065', 'clara.souza65@email.com', '2025-03-15'),
('Davi Almeida Nogueira', '2002-05-15', '(81) 99500-1066', 'davi.nogueira66@email.com', '2025-03-16'),
('Elisa Moura Ribeiro', '2001-07-02', '(91) 99611-1067', 'elisa.ribeiro67@email.com', '2025-03-17'),
('Felipe Nunes Andrade', '2000-04-19', '(31) 99722-1068', 'felipe.andrade68@email.com', '2025-03-18'),
('Giovana Castro Lima', '1998-02-06', '(21) 99833-1069', 'giovana.lima69@email.com', '2025-03-19'),
('Heitor Silva Azevedo', '2003-12-28', '(71) 99944-1070', 'heitor.azevedo70@email.com', '2025-03-20'),

('Ingrid Duarte Moreira', '2002-09-14', '(11) 99155-1071', 'ingrid.moreira71@email.com', '2025-03-21'),
('João Lucas Costa', '1999-10-25', '(21) 99266-1072', 'joao.costa72@email.com', '2025-03-22'),
('Karla Fernandes Prado', '2000-06-10', '(31) 99377-1073', 'karla.prado73@email.com', '2025-03-23'),
('Leonardo Almeida Gomes', '1998-03-30', '(41) 99488-1074', 'leonardo.gomes74@email.com', '2025-03-24'),
('Marina Torres Vieira', '2001-01-19', '(61) 99599-1075', 'marina.vieira75@email.com', '2025-03-25'),
('Nathalia Pires Cardoso', '2003-07-26', '(81) 99600-1076', 'nathalia.cardoso76@email.com', '2025-03-26'),
('Otávio Ferreira Rocha', '2000-02-03', '(91) 99711-1077', 'otavio.rocha77@email.com', '2025-03-27'),
('Paula Nogueira Ramos', '1998-12-22', '(31) 99822-1078', 'paula.ramos78@email.com', '2025-03-28'),
('Ricardo Santos Lima', '1999-05-11', '(21) 99933-1079', 'ricardo.lima79@email.com', '2025-03-29'),
('Simone Correia Prado', '2001-08-02', '(71) 99144-1080', 'simone.prado80@email.com', '2025-03-30'),

('Túlio Carvalho Rocha', '2002-10-09', '(11) 99255-1081', 'tulio.rocha81@email.com', '2025-03-31'),
('Ursula Andrade Costa', '2000-01-05', '(21) 99366-1082', 'ursula.costa82@email.com', '2025-04-01'),
('Vitor Henrique Silva', '1998-09-17', '(31) 99477-1083', 'vitor.silva83@email.com', '2025-04-02'),
('Wesley Pires Nogueira', '2001-04-25', '(41) 99588-1084', 'wesley.nogueira84@email.com', '2025-04-03'),
('Yara Figueiredo Santos', '1999-11-20', '(61) 99699-1085', 'yara.santos85@email.com', '2025-04-04'),
('Zilda Castro Almeida', '2003-02-15', '(81) 99700-1086', 'zilda.almeida86@email.com', '2025-04-05'),
('Alan Torres Campos', '2000-12-01', '(91) 99811-1087', 'alan.campos87@email.com', '2025-04-06'),
('Beatriz Nunes Silva', '2001-09-03', '(31) 99922-1088', 'beatriz.silva88@email.com', '2025-04-07'),
('Carlos Eduardo Lima', '1998-05-28', '(21) 99133-1089', 'carlos.lima89@email.com', '2025-04-08'),
('Denise Ribeiro Cunha', '2002-06-14', '(71) 99244-1090', 'denise.cunha90@email.com', '2025-04-09'),

('Eduarda Farias Gomes', '2000-08-21', '(11) 99355-1091', 'eduarda.gomes91@email.com', '2025-04-10'),
('Fábio Rocha Andrade', '1999-03-05', '(21) 99466-1092', 'fabio.andrade92@email.com', '2025-04-11');

-- data: 30/10/2025
INSERT INTO cpf_alunos (codigo, cpf) VALUES
(1, '123.456.789-01'),
(2, '987.654.321-00'),
(3, '456.789.123-09'),
(4, '321.654.987-45'),
(5, '159.753.486-20'),
(6, '258.147.369-30'),
(7, '369.258.147-40'),
(8, '741.852.963-50'),
(9, '852.963.741-60'),
(10, '963.741.852-70'),
(11, '147.258.369-80'),
(12, '258.369.147-90'),
(13, '369.147.258-11'),
(14, '456.123.789-22'),
(15, '789.456.123-33'),
(16, '123.789.456-44'),
(17, '987.321.654-55'),
(18, '654.987.321-66'),
(19, '321.987.654-77'),
(20, '147.963.258-88'),
(21, '963.258.147-99'),
(22, '258.147.963-10'),
(23, '753.951.456-21'),
(24, '159.357.258-32'),
(25, '357.159.951-43'),
(26, '951.753.159-54'),
(27, '753.159.357-65'),
(28, '159.753.753-76'),
(29, '357.357.159-87'),
(30, '951.951.357-98'),
(31, '741.963.852-09'),
(32, '963.852.741-19'),
(33, '852.741.963-29'),
(34, '147.369.258-39'),
(35, '258.147.369-49'),
(36, '369.258.147-59'),
(37, '741.852.963-69'),
(38, '852.963.741-79'),
(39, '963.741.852-89'),
(40, '147.258.369-99'),
(41, '258.369.147-08'),
(42, '369.147.258-18'),
(43, '456.123.789-28'),
(44, '789.456.123-38'),
(45, '123.789.456-48'),
(46, '987.321.654-58'),
(47, '654.987.321-68'),
(48, '321.987.654-78'),
(49, '147.963.258-88'),
(50, '963.258.147-98'),
(51, '258.147.963-07'),
(52, '753.951.456-17'),
(53, '159.357.258-27'),
(54, '357.159.951-37'),
(55, '951.753.159-47'),
(56, '753.159.357-57'),
(57, '159.753.753-67'),
(58, '357.357.159-77'),
(59, '951.951.357-87'),
(60, '741.963.852-97'),
(61, '963.852.741-06'),
(62, '852.741.963-16'),
(63, '147.369.258-26'),
(64, '258.147.369-36'),
(65, '369.258.147-46'),
(66, '741.852.963-56'),
(67, '852.963.741-66'),
(68, '963.741.852-76'),
(69, '147.258.369-86'),
(70, '258.369.147-96'),
(71, '369.147.258-05'),
(72, '456.123.789-15'),
(73, '789.456.123-25'),
(74, '123.789.456-35'),
(75, '987.321.654-45'),
(76, '654.987.321-55'),
(77, '321.987.654-65'),
(78, '147.963.258-75'),
(79, '963.258.147-85'),
(80, '258.147.963-95'),
(81, '753.951.456-04'),
(82, '159.357.258-14'),
(83, '357.159.951-24'),
(84, '951.753.159-34'),
(85, '753.159.357-44'),
(86, '159.753.753-54'),
(87, '357.357.159-64'),
(88, '951.951.357-74'),
(89, '741.963.852-84'),
(90, '963.852.741-94'),
(91, '852.741.963-03'),
(92, '147.369.258-13');

INSERT INTO instrutores (nome, especialidade, salario) VALUES
('Anderson Souza', 'Treinamento Funcional', 4200.00),
('Bruna Oliveira', 'Musculação e Condicionamento Físico', 3900.00),
('Carlos Mendes', 'Educação Física Escolar', 3100.00),
('Daniela Ribeiro', 'Alongamento e Flexibilidade', 2800.00),
('Eduardo Nogueira', 'Personal Trainer', 4600.00),
('Fernanda Castro', 'Treinamento de Força', 3700.00),
('Gabriel Santos', 'Avaliação Física e Nutricional', 3400.00),
('Helena Moura', 'Musculação Avançada', 4800.00),
('Igor Farias', 'Treinamento Resistido', 3500.00),
('Juliana Pires', 'Educação Física Infantil', 2900.00),

('Kleber Duarte', 'Musculação e Biomecânica', 4300.00),
('Larissa Costa', 'Reabilitação Física e Postural', 3600.00),
('Marcelo Tavares', 'Treinamento Aeróbico', 3200.00),
('Natália Barbosa', 'Personal Trainer Feminino', 4100.00),
('Otávio Lima', 'Condicionamento de Atletas', 4900.00),
('Patrícia Almeida', 'Pilates e Alongamento', 3000.00),
('Rafael Freitas', 'Treinamento de Potência', 4700.00),
('Sabrina Nunes', 'Ginástica Laboral', 2800.00),
('Thiago Carvalho', 'Educação Física e Saúde', 3300.00),
('Vanessa Rocha', 'Musculação e Emagrecimento', 4000.00),

('William Martins', 'Treinamento de Força e Potência', 3700.00),
('Yasmin Cardoso', 'Educação Física Escolar', 3100.00),
('Arthur Correia', 'Musculação Avançada', 4600.00),
('Beatriz Lima', 'Reabilitação Pós-Lesão', 3500.00),
('Caio Pereira', 'Cross Training', 4200.00),
('Denise Figueiredo', 'Avaliação Física', 3000.00),
('Eduarda Ribeiro', 'Treinamento Funcional', 3800.00),
('Fábio Mendes', 'Personal Trainer e Nutrição Esportiva', 4800.00),
('Giovana Azevedo', 'Alongamento e Postura', 2700.00),
('Hugo Ramos', 'Musculação e Biomecânica', 4500.00);

INSERT INTO planos (nome, valor_mensal, duracao_meses) VALUES
('Plano Bronze', 89.90, 1),
('Plano Prata', 159.90, 3),
('Plano Ouro', 219.90, 6),
('Plano Diamante', 299.90, 12),
('Plano Black', 349.90, 12),
('Plano Student Fit', 79.90, 1),
('Plano Corporativo', 189.90, 3),
('Plano Família', 259.90, 6),
('Plano Weekend', 69.90, 1),
('Plano Manhã Saudável', 79.90, 1),
('Plano Noite Flex', 99.90, 1),
('Plano Anual Premium', 279.90, 12);

INSERT INTO matriculas (data_inicio, status_matricula, codigo_aluno, codigo_instrutor, codigo_plano) VALUES
('2025-01-10', TRUE, 1, 1, 1),
('2025-01-11', TRUE, 2, 2, 2),
('2025-01-12', TRUE, 3, 3, 3),
('2025-01-13', TRUE, 4, 4, 4),
('2025-01-14', TRUE, 5, 5, 5),
('2025-01-15', FALSE, 6, 6, 6),
('2025-01-16', TRUE, 7, 7, 7),
('2025-01-17', TRUE, 8, 8, 8),
('2025-01-18', TRUE, 9, 9, 9),
('2025-01-19', FALSE, 10, 10, 10),
('2025-01-20', TRUE, 11, 11, 11),
('2025-01-21', TRUE, 12, 12, 12),
('2025-01-22', TRUE, 13, 13, 1),
('2025-01-23', FALSE, 14, 14, 2),
('2025-01-24', TRUE, 15, 15, 3),
('2025-01-25', TRUE, 16, 16, 4),
('2025-01-26', TRUE, 17, 17, 5),
('2025-01-27', FALSE, 18, 18, 6),
('2025-01-28', TRUE, 19, 19, 7),
('2025-01-29', TRUE, 20, 20, 8),
('2025-01-30', TRUE, 21, 21, 9),
('2025-02-01', TRUE, 22, 22, 10),
('2025-02-02', TRUE, 23, 23, 11),
('2025-02-03', FALSE, 24, 24, 12),
('2025-02-04', TRUE, 25, 25, 1),
('2025-02-05', TRUE, 26, 26, 2),
('2025-02-06', TRUE, 27, 27, 3),
('2025-02-07', TRUE, 28, 28, 4),
('2025-02-08', TRUE, 29, 29, 5),
('2025-02-09', FALSE, 30, 30, 6),
('2025-02-10', TRUE, 31, 1, 7),
('2025-02-11', TRUE, 32, 2, 8),
('2025-02-12', TRUE, 33, 3, 9),
('2025-02-13', TRUE, 34, 4, 10),
('2025-02-14', FALSE, 35, 5, 11),
('2025-02-15', TRUE, 36, 6, 12),
('2025-02-16', TRUE, 37, 7, 1),
('2025-02-17', TRUE, 38, 8, 2),
('2025-02-18', TRUE, 39, 9, 3),
('2025-02-19', TRUE, 40, 10, 4),
('2025-02-20', TRUE, 41, 11, 5),
('2025-02-21', TRUE, 42, 12, 6),
('2025-02-22', FALSE, 43, 13, 7),
('2025-02-23', TRUE, 44, 14, 8),
('2025-02-24', TRUE, 45, 15, 9),
('2025-02-25', TRUE, 46, 16, 10),
('2025-02-26', TRUE, 47, 17, 11),
('2025-02-27', TRUE, 48, 18, 12),
('2025-02-28', FALSE, 49, 19, 1),
('2025-03-01', TRUE, 50, 20, 2),
('2025-03-02', TRUE, 51, 21, 3),
('2025-03-03', TRUE, 52, 22, 4),
('2025-03-04', TRUE, 53, 23, 5),
('2025-03-05', TRUE, 54, 24, 6),
('2025-03-06', TRUE, 55, 25, 7),
('2025-03-07', FALSE, 56, 26, 8),
('2025-03-08', TRUE, 57, 27, 9),
('2025-03-09', TRUE, 58, 28, 10),
('2025-03-10', TRUE, 59, 29, 11),
('2025-03-11', TRUE, 60, 30, 12),
('2025-03-12', TRUE, 61, 1, 1),
('2025-03-13', TRUE, 62, 2, 2),
('2025-03-14', TRUE, 63, 3, 3),
('2025-03-15', TRUE, 64, 4, 4),
('2025-03-16', FALSE, 65, 5, 5),
('2025-03-17', TRUE, 66, 6, 6),
('2025-03-18', TRUE, 67, 7, 7),
('2025-03-19', TRUE, 68, 8, 8),
('2025-03-20', TRUE, 69, 9, 9),
('2025-03-21', FALSE, 70, 10, 10),
('2025-03-22', TRUE, 71, 11, 11),
('2025-03-23', TRUE, 72, 12, 12),
('2025-03-24', TRUE, 73, 13, 1),
('2025-03-25', TRUE, 74, 14, 2),
('2025-03-26', TRUE, 75, 15, 3),
('2025-03-27', FALSE, 76, 16, 4),
('2025-03-28', TRUE, 77, 17, 5),
('2025-03-29', TRUE, 78, 18, 6),
('2025-03-30', TRUE, 79, 19, 7),
('2025-03-31', TRUE, 80, 20, 8),
('2025-04-01', TRUE, 81, 21, 9),
('2025-04-02', TRUE, 82, 22, 10),
('2025-04-03', TRUE, 83, 23, 11),
('2025-04-04', FALSE, 84, 24, 12),
('2025-04-05', TRUE, 85, 25, 1),
('2025-04-06', TRUE, 86, 26, 2),
('2025-04-07', TRUE, 87, 27, 3),
('2025-04-08', TRUE, 88, 28, 4),
('2025-04-09', TRUE, 89, 29, 5),
('2025-04-10', TRUE, 90, 30, 6),
('2025-04-11', TRUE, 91, 1, 7);

-- Data: 31/10/2025

-- PAGAMENTOS
INSERT INTO pagamentos (valor_pago, data_pagamento, metodo_pagamento, numero_matricula) VALUES
(89.90, '2025-01-10', 'PIX', 93),
(159.90, '2025-01-11', 'CARTÃO DE CRÉDITO', 94),
(219.90, '2025-01-12', 'CARTÃO DE DÉBITO', 95),
(299.90, '2025-01-13', 'BOLETO', 96),
(79.90, '2025-01-14', 'PIX', 97),
(189.90, '2025-01-15', 'CARTÃO DE CRÉDITO', 98),
(259.90, '2025-01-16', 'CARTÃO DE DÉBITO', 99),
(69.90, '2025-01-17', 'BOLETO', 100),
(99.90, '2025-01-18', 'PIX', 101),
(279.90, '2025-01-19', 'CARTÃO DE CRÉDITO', 102),
(199.90, '2025-01-20', 'CARTÃO DE DÉBITO', 103),
(329.90, '2025-01-21', 'BOLETO', 104),
(89.90, '2025-01-22', 'PIX', 105),
(179.90, '2025-01-23', 'CARTÃO DE CRÉDITO', 106),
(249.90, '2025-01-24', 'CARTÃO DE DÉBITO', 107),
(299.90, '2025-01-25', 'BOLETO', 108),
(89.90, '2025-01-26', 'PIX', 109),
(159.90, '2025-01-27', 'CARTÃO DE CRÉDITO', 110),
(219.90, '2025-01-28', 'CARTÃO DE DÉBITO', 111),
(299.90, '2025-01-29', 'BOLETO', 112),
(79.90, '2025-01-30', 'PIX', 113),
(189.90, '2025-02-01', 'CARTÃO DE CRÉDITO', 114),
(259.90, '2025-02-02', 'CARTÃO DE DÉBITO', 115),
(69.90, '2025-02-03', 'BOLETO', 116),
(99.90, '2025-02-04', 'PIX', 117),
(279.90, '2025-02-05', 'CARTÃO DE CRÉDITO', 118),
(199.90, '2025-02-06', 'CARTÃO DE DÉBITO', 119),
(329.90, '2025-02-07', 'BOLETO', 120),
(89.90, '2025-02-08', 'PIX', 121),
(179.90, '2025-02-09', 'CARTÃO DE CRÉDITO', 122),
(249.90, '2025-02-10', 'CARTÃO DE DÉBITO', 123),
(299.90, '2025-02-11', 'BOLETO', 124),
(89.90, '2025-02-12', 'PIX', 125),
(159.90, '2025-02-13', 'CARTÃO DE CRÉDITO', 126),
(219.90, '2025-02-14', 'CARTÃO DE DÉBITO', 127),
(299.90, '2025-02-15', 'BOLETO', 128),
(79.90, '2025-02-16', 'PIX', 129),
(189.90, '2025-02-17', 'CARTÃO DE CRÉDITO', 130),
(259.90, '2025-02-18', 'CARTÃO DE DÉBITO', 131),
(69.90, '2025-02-19', 'BOLETO', 132),
(99.90, '2025-02-20', 'PIX', 133),
(279.90, '2025-02-21', 'CARTÃO DE CRÉDITO', 134),
(199.90, '2025-02-22', 'CARTÃO DE DÉBITO', 135),
(329.90, '2025-02-23', 'BOLETO', 136),
(89.90, '2025-02-24', 'PIX', 137),
(179.90, '2025-02-25', 'CARTÃO DE CRÉDITO', 138),
(249.90, '2025-02-26', 'CARTÃO DE DÉBITO', 139),
(299.90, '2025-02-27', 'BOLETO', 140),
(89.90, '2025-02-28', 'PIX', 141),
(159.90, '2025-03-01', 'CARTÃO DE CRÉDITO', 142),
(219.90, '2025-03-02', 'CARTÃO DE DÉBITO', 143),
(299.90, '2025-03-03', 'BOLETO', 144),
(79.90, '2025-03-04', 'PIX', 145),
(189.90, '2025-03-05', 'CARTÃO DE CRÉDITO', 146),
(259.90, '2025-03-06', 'CARTÃO DE DÉBITO', 147),
(69.90, '2025-03-07', 'BOLETO', 148),
(99.90, '2025-03-08', 'PIX', 149),
(279.90, '2025-03-09', 'CARTÃO DE CRÉDITO', 150),
(199.90, '2025-03-10', 'CARTÃO DE DÉBITO', 151),
(329.90, '2025-03-11', 'BOLETO', 152),
(89.90, '2025-03-12', 'PIX', 153),
(179.90, '2025-03-13', 'CARTÃO DE CRÉDITO', 154),
(249.90, '2025-03-14', 'CARTÃO DE DÉBITO', 155),
(299.90, '2025-03-15', 'BOLETO', 156),
(89.90, '2025-03-16', 'PIX', 157),
(159.90, '2025-03-17', 'CARTÃO DE CRÉDITO', 158),
(219.90, '2025-03-18', 'CARTÃO DE DÉBITO', 159),
(299.90, '2025-03-19', 'BOLETO', 160),
(79.90, '2025-03-20', 'PIX', 161),
(189.90, '2025-03-21', 'CARTÃO DE CRÉDITO', 162),
(259.90, '2025-03-22', 'CARTÃO DE DÉBITO', 163),
(69.90, '2025-03-23', 'BOLETO', 164),
(99.90, '2025-03-24', 'PIX', 165),
(279.90, '2025-03-25', 'CARTÃO DE CRÉDITO', 166),
(199.90, '2025-03-26', 'CARTÃO DE DÉBITO', 167),
(329.90, '2025-03-27', 'BOLETO', 168),
(89.90, '2025-03-28', 'PIX', 169),
(179.90, '2025-03-29', 'CARTÃO DE CRÉDITO', 170),
(249.90, '2025-03-30', 'CARTÃO DE DÉBITO', 171),
(299.90, '2025-03-31', 'BOLETO', 172),
(89.90, '2025-04-01', 'PIX', 173),
(159.90, '2025-04-02', 'CARTÃO DE CRÉDITO', 174),
(219.90, '2025-04-03', 'CARTÃO DE DÉBITO', 175),
(299.90, '2025-04-04', 'BOLETO', 176),
(79.90, '2025-04-05', 'PIX', 177),
(189.90, '2025-04-06', 'CARTÃO DE CRÉDITO', 178),
(259.90, '2025-04-07', 'CARTÃO DE DÉBITO', 179),
(69.90, '2025-04-08', 'BOLETO', 180),
(99.90, '2025-04-09', 'PIX', 181),
(279.90, '2025-04-10', 'CARTÃO DE CRÉDITO', 182),
(199.90, '2025-04-11', 'CARTÃO DE DÉBITO', 183);

-- TREINOS
INSERT INTO treinos (nome, data_criacao, codigo_instrutor) VALUES
('Treino de Força - Inferior', '2025-01-10', 1),
('Treino de Força - Superior', '2025-01-11', 2),
('Treino Cardio Intenso', '2025-01-12', 3),
('Treino de Resistência', '2025-01-13', 4),
('Treino Funcional', '2025-01-14', 5),
('Treino HIIT', '2025-01-15', 6),
('Treino de Alongamento', '2025-01-16', 7),
('Treino de Potência', '2025-01-17', 8),
('Treino para Iniciantes', '2025-01-18', 9),
('Treino Intermediário', '2025-01-19', 10),
('Treino Avançado', '2025-01-20', 11),
('Treino de Glúteos e Pernas', '2025-01-21', 12),
('Treino de Abdômen', '2025-01-22', 13),
('Treino de Peito e Tríceps', '2025-01-23', 14),
('Treino de Costas e Bíceps', '2025-01-24', 15),
('Treino de Mobilidade', '2025-01-25', 16),
('Treino de Core', '2025-01-26', 17),
('Treino de Explosão', '2025-01-27', 18),
('Treino de Equilíbrio', '2025-01-28', 19),
('Treino de Corrida', '2025-01-29', 20),
('Treino Funcional Avançado', '2025-01-30', 21),
('Treino HIIT Avançado', '2025-02-01', 22),
('Treino de Recuperação Muscular', '2025-02-02', 23),
('Treino de Potência Explosiva', '2025-02-03', 24),
('Treino Full Body', '2025-02-04', 25),
('Treino de Alta Performance', '2025-02-05', 26),
('Treino de Resistência Cardiorrespiratória', '2025-02-06', 27),
('Treino de Reabilitação', '2025-02-07', 28),
('Treino Funcional Leve', '2025-02-08', 29),
('Treino Funcional com Peso', '2025-02-09', 30),
('Treino de Glúteos e Abdômen', '2025-02-10', 1),
('Treino para Definição', '2025-02-11', 2),
('Treino de Pernas Avançado', '2025-02-12', 3),
('Treino Upper Body', '2025-02-13', 4),
('Treino Lower Body', '2025-02-14', 5),
('Treino de Alta Intensidade', '2025-02-15', 6),
('Treino de Condicionamento Físico', '2025-02-16', 7),
('Treino de Resistência Muscular', '2025-02-17', 8),
('Treino de Força Explosiva', '2025-02-18', 9),
('Treino de Cardio Leve', '2025-02-19', 10),
('Treino Avançado de Peito', '2025-02-20', 11),
('Treino Avançado de Costas', '2025-02-21', 12),
('Treino Avançado de Pernas', '2025-02-22', 13),
('Treino Funcional Intensivo', '2025-02-23', 14),
('Treino com Peso Corporal', '2025-02-24', 15),
('Treino de Alongamento Avançado', '2025-02-25', 16),
('Treino de Mobilidade Articular', '2025-02-26', 17),
('Treino de Corrida Intervalada', '2025-02-27', 18),
('Treino de Flexibilidade', '2025-02-28', 19),
('Treino de Postura', '2025-03-01', 20),
('Treino Funcional Feminino', '2025-03-02', 21),
('Treino Masculino Avançado', '2025-03-03', 22),
('Treino de Definição Muscular', '2025-03-04', 23),
('Treino de Reforço Articular', '2025-03-05', 24),
('Treino de Performance Esportiva', '2025-03-06', 25),
('Treino de Potência Total', '2025-03-07', 26),
('Treino Full Power', '2025-03-08', 27),
('Treino Body Sculpt', '2025-03-09', 28),
('Treino Funcional Corporativo', '2025-03-10', 29),
('Treino de Alto Rendimento', '2025-03-11', 30);

-- TREINOS DETALHES
INSERT INTO treinos_detalhes (nome_exercicio, numero_serie, repeticoes, carga_utilizada, codigo_treino) VALUES
('Agachamento Livre', 4, 12, 60, 1),
('Supino Reto', 4, 10, 70, 2),
('Remada Curvada', 4, 10, 55, 3),
('Leg Press', 5, 12, 180, 4),
('Desenvolvimento com Halteres', 3, 10, 25, 5),
('Rosca Direta', 3, 12, 20, 6),
('Tríceps Pulley', 4, 12, 30, 7),
('Puxada Frontal', 4, 10, 45, 8),
('Cadeira Extensora', 4, 15, 65, 9),
('Mesa Flexora', 4, 15, 55, 10),
('Crucifixo Reto', 3, 12, 25, 11),
('Elevação Lateral', 4, 15, 10, 12),
('Rosca Martelo', 3, 10, 18, 13),
('Tríceps Francês', 3, 12, 25, 14),
('Puxada Alta', 4, 10, 50, 15),
('Afundo com Halteres', 3, 12, 30, 16),
('Cadeira Abdutora', 4, 15, 50, 17),
('Cadeira Adutora', 4, 15, 50, 18),
('Abdominal Supra', 3, 20, 0, 19),
('Prancha Isométrica', 3, 1, 0, 20),
('Stiff com Barra', 4, 10, 70, 21),
('Desenvolvimento Militar', 3, 12, 30, 22),
('Rosca Concentrada', 3, 10, 15, 23),
('Tríceps Corda', 4, 12, 25, 24),
('Remada Baixa', 4, 10, 60, 25),
('Elevação Frontal', 3, 12, 12, 26),
('Panturrilha em Pé', 4, 15, 80, 27),
('Panturrilha Sentado', 4, 15, 60, 28),
('Extensão Lombar', 3, 20, 0, 29),
('Abdominal Infra', 3, 20, 0, 30),
('Leg Press 45°', 5, 10, 200, 31),
('Agachamento Smith', 4, 10, 90, 32),
('Flexão de Braço', 3, 15, 0, 33),
('Barra Fixa', 3, 8, 0, 34),
('Crossover', 4, 12, 25, 35),
('Remada Cavalinho', 4, 10, 70, 36),
('Desenvolvimento Arnold', 3, 10, 22, 37),
('Rosca Scott', 3, 12, 25, 38),
('Tríceps Testa', 3, 10, 30, 39),
('Remada Unilateral', 4, 10, 40, 40),
('Elevação Pélvica', 4, 15, 50, 41),
('Glúteo no Cabo', 3, 15, 20, 42),
('Cadeira Flexora Unilateral', 4, 12, 40, 43),
('Puxada Triângulo', 4, 10, 55, 44),
('Rosca Inversa', 3, 12, 15, 45),
('Tríceps Banco', 3, 15, 0, 46),
('Abdominal Oblíquo', 3, 20, 0, 47),
('Prancha Lateral', 3, 1, 0, 48),
('Agachamento com Salto', 3, 15, 0, 49),
('Burpee', 3, 10, 0, 50),
('Avanço com Halteres', 3, 12, 25, 51),
('Corrida na Esteira', 1, 15, 0, 52),
('Bicicleta Ergométrica', 1, 20, 0, 53),
('Escada', 1, 10, 0, 54),
('Prancha com Toque de Ombro', 3, 1, 0, 55),
('Corrida Intervalada', 1, 12, 0, 56),
('Abdominal com Bola', 3, 20, 5, 57),
('Elevação de Quadril', 3, 15, 10, 58),
('Agachamento Sumô', 4, 10, 80, 59),
('Remada Alta', 4, 12, 35, 60);

-- MATRICULAS TREINOS
INSERT INTO matriculas_treinos (numero_matricula, codigo_treino) VALUES
(93, 1),
(94, 2),
(95, 3),
(96, 4),
(97, 5),
(98, 6),
(99, 7),
(100, 8),
(101, 9),
(102, 10),
(103, 11),
(104, 12),
(105, 13),
(106, 14),
(107, 15),
(108, 16),
(109, 17),
(110, 18),
(111, 19),
(112, 20),
(113, 21),
(114, 22),
(115, 23),
(116, 24),
(117, 25),
(118, 26),
(119, 27),
(120, 28),
(121, 29),
(122, 30),
(123, 31),
(124, 32),
(125, 33),
(126, 34),
(127, 35),
(128, 36),
(129, 37),
(130, 38),
(131, 39),
(132, 40),
(133, 41),
(134, 42),
(135, 43),
(136, 44),
(137, 45),
(138, 46),
(139, 47),
(140, 48),
(141, 49),
(142, 50),
(143, 51),
(144, 52),
(145, 53),
(146, 54),
(147, 55),
(148, 56),
(149, 57),
(150, 58),
(151, 59),
(152, 60),
(153, 1),
(154, 2),
(155, 3),
(156, 4),
(157, 5),
(158, 6),
(159, 7),
(160, 8),
(161, 9),
(162, 10),
(163, 11),
(164, 12),
(165, 13),
(166, 14),
(167, 15),
(168, 16),
(169, 17),
(170, 18),
(171, 19),
(172, 20),
(173, 21),
(174, 22),
(175, 23),
(176, 24),
(177, 25),
(178, 26),
(179, 27),
(180, 28),
(181, 29),
(182, 30),
(183, 31);
